MODEL VERSION,MSE THRESHOLD,DETECTED MSE,IS ANOMALY
1,0.3971976494235263,0.1068897324999664,False
1,0.3971976494235263,0.2191964357456788,False
1,0.3971976494235263,0.23450316819115208,False
1,0.3971976494235263,0.05039897057921339,False
1,0.3971976494235263,0.3813177859881934,False
1,0.3971976494235263,0.3841125869107572,False
1,0.3971976494235263,0.4032801512730956,True
1,0.3971976494235263,0.3910656165305206,False
1,0.3971976494235263,0.39801339771945976,True
1,0.3971976494235263,0.4026536696692598,True
1,0.3971976494235263,0.38795987270397525,False
1,0.3971976494235263,0.3701188061175491,False
1,0.3971976494235263,0.3766230729907856,False
1,0.3971976494235263,0.3768611586457608,False
1,0.3971976494235263,0.3735527254693429,False
1,0.39071931420333883,0.37550365663449986,False
1,0.39071931420333883,0.3764026484340286,False
1,0.39071931420333883,0.37150593533830906,False
1,0.39071931420333883,0.37990368680391523,False
2,0.39071931420333883,0.10532322753641529,False
2,0.39071931420333883,0.2087739969392808,False
2,0.39071931420333883,0.22436901614944166,False
2,0.39071931420333883,0.04892272174987094,False
2,0.39071931420333883,0.36460478407353925,False
2,0.39071931420333883,0.36716398113303733,False
2,0.39071931420333883,0.3859003531641057,False
2,0.39071931420333883,0.374188198296253,False
2,0.39071931420333883,0.3808770010247844,False
2,0.39071931420333883,0.3853345784699299,False
2,0.39071931420333883,0.3711660195035781,False
2,0.39071931420333883,0.3537686375398073,False
2,0.39071931420333883,0.3601553331747479,False
2,0.39071931420333883,0.3603740108644681,False
2,0.39071931420333883,0.3571537910888144,False
2,0.39071931420333883,0.3590566672945654,False
2,0.39071931420333883,0.35991598775194633,False
2,0.39071931420333883,0.35511812213568533,False
2,0.39071931420333883,0.3632286460482505,False
2,0.39071931420333883,0.35964574077118555,False
2,0.39071931420333883,0.36953028683601635,False
2,0.39071931420333883,0.35163286781653424,False
2,0.39071931420333883,0.3526163126782981,False
2,0.39071931420333883,0.38130785994295,False
2,0.39071931420333883,0.3905800531530928,False
2,0.39071931420333883,0.3892743785856323,False
2,0.39071931420333883,0.3910986020995162,True
2,0.39071931420333883,0.3860095581273546,False
2,0.39071931420333883,0.38707730942654206,False
2,0.39071931420333883,0.38577935648765604,False
2,0.39071931420333883,0.37823710332834654,False
3,0.3636130378114506,0.2586942585178461,False
3,0.3636130378114506,0.2559150308866925,False
3,0.3636130378114506,0.25987058803724283,False
3,0.3636130378114506,0.2598416222489299,False
3,0.3636130378114506,0.25933821037795596,False
3,0.3636130378114506,0.2580702001096052,False
3,0.3636130378114506,0.2586348576546729,False
3,0.3636130378114506,0.25899139657889675,False
3,0.3636130378114506,0.25479830651760055,False
3,0.3636130378114506,0.2579287758550733,False
3,0.3636130378114506,0.25619081094972557,False
3,0.3636130378114506,0.2573152329803465,False
3,0.3636130378114506,0.25790434509755333,False
3,0.3636130378114506,0.25779139397326284,False
3,0.3636130378114506,0.25840284644175726,False
3,0.3636130378114506,0.25677266354682465,False
3,0.3636130378114506,0.25770024644753003,False
3,0.3636130378114506,0.25239693406932145,False
4,0.3358553365965204,0.22400926225683834,False
4,0.3358553365965204,0.2241405159613467,False
4,0.3358553365965204,0.22604874441952635,False
4,0.3358553365965204,0.22556280708990625,False
4,0.3358553365965204,0.22726439389010636,False
4,0.3358553365965204,0.22724510936296263,False
4,0.3358553365965204,0.22861803977903794,False
4,0.3358553365965204,0.22897961718239845,False
4,0.3358553365965204,0.22747034632077423,False
4,0.3358553365965204,0.2273894695014776,False
5,0.30999223767627593,0.20504929667791053,False
5,0.30999223767627593,0.20462501063637661,False
5,0.30999223767627593,0.20490277989877848,False
5,0.30999223767627593,0.20511806478547495,False
5,0.30999223767627593,0.20478409359139416,False
5,0.30999223767627593,0.20585324679797953,False
5,0.30999223767627593,0.2039523980212768,False
6,0.27932038634377715,0.15533653071684933,False
6,0.27932038634377715,0.1563560028621596,False
6,0.27932038634377715,0.15462534807193937,False
6,0.27932038634377715,0.15493339910139095,False
6,0.27932038634377715,0.1559265017487822,False
6,0.27932038634377715,0.15631657096872853,False
6,0.27932038634377715,0.15585173254633283,False
6,0.27932038634377715,0.15447661689829958,False
6,0.27932038634377715,0.1562757345838566,False
6,0.27932038634377715,0.1552925114585562,False
6,0.27932038634377715,0.1557590577033196,False
6,0.27932038634377715,0.15462166703492605,False
6,0.27932038634377715,0.15478682613905892,False
6,0.23388241323706702,0.15442071295898782,False
7,0.23388241323706702,0.052370468627793904,False
7,0.23388241323706702,0.051847509166992774,False
7,0.23388241323706702,0.052820174424452845,False
7,0.23388241323706702,0.05334493969402975,False
7,0.23388241323706702,0.05243213089077809,False
7,0.23388241323706702,0.05315592508305185,False
7,0.23388241323706702,0.05172401600388843,False
7,0.23388241323706702,0.05208103166927362,False
7,0.23388241323706702,0.051628858929387664,False
7,0.23388241323706702,0.051794817430031004,False
8,0.18824449827246423,0.005532241478300811,False
8,0.18824449827246423,0.005582603598722911,False
8,0.18824449827246423,0.005847841286184723,False
8,0.18824449827246423,0.005671091219303976,False
8,0.18824449827246423,0.00600979448083555,False
8,0.18824449827246423,0.005949569107685322,False
8,0.18824449827246423,0.005472632192582539,False
8,0.18824449827246423,0.005780760591794201,False
8,0.18824449827246423,0.00592743821604241,False
8,0.18824449827246423,0.005592990865011528,False
8,0.18824449827246423,0.0059439701858915745,False
8,0.18824449827246423,0.005624558152430221,False
8,0.18824449827246423,0.005421516430018258,False
8,0.18824449827246423,0.005622669227219074,False
8,0.18824449827246423,0.005563169296318505,False
8,0.18824449827246423,0.005408937830333056,False
8,0.18824449827246423,0.005609769002671354,False
8,0.18824449827246423,0.00556936594228825,False
8,0.18824449827246423,0.005407899554444113,False
8,0.18824449827246423,0.005542810667493266,False
8,0.18824449827246423,0.005504456292444222,False
8,0.18824449827246423,0.005359226712049112,False
8,0.18824449827246423,0.005517585835449201,False
8,0.18824449827246423,0.005561222142320953,False
8,0.18824449827246423,0.0051644656392000965,False
9,0.15133148330936766,0.0038283839499496774,False
9,0.15133148330936766,0.003232893438622258,False
9,0.15133148330936766,0.0035894996056160464,False
9,0.15133148330936766,0.0037676248297744018,False
9,0.15133148330936766,0.003731232243268878,False
9,0.15133148330936766,0.003365758545966532,False
9,0.15133148330936766,0.003501694414375169,False
9,0.15133148330936766,0.0035184776847210506,False
9,0.15133148330936766,0.003344998920754451,False
9,0.15133148330936766,0.0035508482104659104,False
9,0.15133148330936766,0.003595108932670691,False
9,0.15133148330936766,0.0033564877173778125,False
9,0.15133148330936766,0.003484941462318681,False
9,0.15133148330936766,0.0035097333920093825,False
9,0.15133148330936766,0.003600797741289124,False
10,0.12127724988899365,0.001091589929943803,False
10,0.12127724988899365,0.0010402874808562832,False
10,0.12127724988899365,0.0010321059302926367,False
10,0.12127724988899365,0.0011147569010535017,False
10,0.12127724988899365,0.001098411006167983,False
10,0.12127724988899365,0.000981239678780259,False
10,0.12127724988899365,0.0010958860575604075,False
10,0.12127724988899365,0.00113298735154511,False
10,0.12127724988899365,0.00790564739758316,False
10,0.12127724988899365,0.004314975547899556,False
11,0.09831689834145947,0.005053658897332627,False
11,0.09831689834145947,0.011026753952680804,False
11,0.09831689834145947,0.018163226854590105,False
11,0.09831689834145947,0.0031215049970422606,False
11,0.09831689834145947,0.006598220117604553,False
11,0.09831689834145947,0.002363420600958116,False
11,0.09831689834145947,0.00120355382226968,False
11,0.09831689834145947,0.0034390185700714313,False
11,0.09831689834145947,0.008667050203470599,False
11,0.09831689834145947,0.003225792105489548,False
11,0.09831689834145947,0.004165729706879725,False
11,0.09831689834145947,0.002347250235944567,False
11,0.09831689834145947,0.0016610837560573067,False
12,0.0790547441837611,0.00204829860043737,False
12,0.0790547441837611,0.0007399856157806208,False
12,0.0790547441837611,0.0005646615375018955,False
12,0.0790547441837611,0.0005844930233373065,False
12,0.0790547441837611,0.0005492373027434134,False
12,0.0790547441837611,0.0008669099768426525,False
12,0.0790547441837611,0.0008278580453186507,False
12,0.0790547441837611,0.0008730520927519122,False
12,0.0790547441837611,0.0005687495500323031,False
12,0.0790547441837611,0.0006702677769012285,False
12,0.0790547441837611,0.0014356978161886194,False
12,0.0790547441837611,0.0012648010868110049,False
12,0.0790547441837611,0.0012073785784173295,False
13,0.06344556808304962,0.0009693165525958811,False
13,0.06344556808304962,0.000908434169467191,False
13,0.06344556808304962,0.0008881513491924843,False
13,0.06344556808304962,0.0009372399713360448,False
13,0.06344556808304962,0.000843023786233292,False
13,0.06344556808304962,0.0009461885525949543,False
13,0.06344556808304962,0.0008601072542882732,False
13,0.06344556808304962,0.0009470737723765658,False
13,0.06344556808304962,0.000885043796117423,False
13,0.06344556808304962,0.0011096559509278408,False
13,0.06344556808304962,0.0012515375649809661,False
13,0.06344556808304962,0.0012996160129373933,False
13,0.06344556808304962,0.001245099893038634,False
13,0.06344556808304962,0.0008379216812328132,False
13,0.06344556808304962,0.0004673025861236704,False
13,0.06344556808304962,0.0005006822781387244,False
13,0.06344556808304962,0.0005693959163354487,False
13,0.06344556808304962,0.00048639356414758407,False
13,0.06344556808304962,0.0005161106122176667,False
13,0.06344556808304962,0.0006252832162959171,False
13,0.06344556808304962,0.0006077162378490358,False
13,0.06344556808304962,0.0006609321684942561,False
13,0.06344556808304962,0.0007037053617250365,False
13,0.06344556808304962,0.0007308497498677545,False
14,0.05088653401825481,0.0005309737151822146,False
14,0.05088653401825481,0.0007615624242349757,False
14,0.05088653401825481,0.0007987276479833153,False
14,0.05088653401825481,0.0005659076894944904,False
14,0.05088653401825481,0.0005369743185603821,False
14,0.05088653401825481,0.0005821891145903534,False
14,0.05088653401825481,0.0006622095768404941,False
14,0.05088653401825481,0.044526486104356354,False
14,0.05088653401825481,0.05101863405585229,True
14,0.05088653401825481,0.09686329901209212,True
14,0.05088653401825481,0.09778241271094676,True
14,0.05088653401825481,0.09661478432031607,True
14,0.05088653401825481,0.09661192831756125,True
14,0.05088653401825481,0.10041725962474518,True
14,0.05088653401825481,0.09567065474383277,True
15,0.060718318289641984,0.10073443639122777,True
15,0.060718318289641984,0.10072153001133446,True
15,0.060718318289641984,0.10057711484083078,True
15,0.060718318289641984,0.10070341378664376,True
15,0.060718318289641984,0.11164138801822467,True
15,0.060718318289641984,0.08930500639564178,True
15,0.060718318289641984,0.08884332943871484,True
15,0.060718318289641984,0.09050689702181948,True
15,0.060718318289641984,0.10649730525450861,True
15,0.060718318289641984,0.0923075329946565,True
15,0.060718318289641984,0.09137921319420707,True
15,0.060718318289641984,0.10337490699494342,True
15,0.060718318289641984,0.09677269525283494,True
15,0.060718318289641984,0.09672064583947922,True
15,0.060718318289641984,0.10103922599180305,True
15,0.060718318289641984,0.0956787227041122,True
15,0.060718318289641984,0.09677239413602433,True
15,0.06829880552680527,0.1103921480863622,True
16,0.06829880552680527,0.09535844404078093,True
16,0.06829880552680527,0.08651743094713163,True
16,0.06829880552680527,0.08344397666570623,True
16,0.06829880552680527,0.09064839113243538,True
16,0.06829880552680527,0.09073972867428469,True
16,0.06829880552680527,0.09433500296244228,True
16,0.06829880552680527,0.0943947457382832,True
16,0.06829880552680527,0.09591409247133126,True
16,0.06829880552680527,0.09702581375358715,True
16,0.06829880552680527,0.09012723084825264,True
16,0.06829880552680527,0.09278152683092854,True
16,0.06829880552680527,0.09317641416392324,True
16,0.06829880552680527,0.0887814298887541,True
16,0.06829880552680527,0.08396625980116708,True
16,0.06829880552680527,0.09508413983284515,True
16,0.06829880552680527,0.09016071464955015,True
16,0.06829880552680527,0.09489676330190615,True
16,0.06829880552680527,0.10700120736789141,True
16,0.06829880552680527,0.10698367015043218,True
16,0.06829880552680527,0.10404679783207398,True
16,0.06829880552680527,0.10410139388969156,True
16,0.06829880552680527,0.10402605623542374,True
16,0.06829880552680527,0.08487358825397047,True
16,0.06829880552680527,0.09007616932357476,True
16,0.06829880552680527,0.09061343545299713,True
16,0.06829880552680527,0.09726449046515559,True
16,0.06829880552680527,0.09331289629290025,True
16,0.06829880552680527,0.09332542113867118,True
16,0.06829880552680527,0.09547768766217324,True
16,0.06829880552680527,0.09918186821909646,True
16,0.06829880552680527,0.0930292321537365,True
16,0.06829880552680527,0.08744579786993151,True
17,0.07218607764282123,0.07915850613909463,True
17,0.07218607764282123,0.07949793479606783,True
17,0.07218607764282123,0.12179323672492208,True
17,0.07218607764282123,0.12183576538272668,True
17,0.07218607764282123,0.11138856155649532,True
17,0.07218607764282123,0.12115256439096257,True
17,0.07218607764282123,0.1333398002786561,True
17,0.07218607764282123,0.133635803611349,True
17,0.07218607764282123,0.1207292498899677,True
17,0.07218607764282123,0.12485759065672121,True
17,0.07218607764282123,0.12498309177606765,True
17,0.07218607764282123,0.12172765354946996,True
17,0.07218607764282123,0.11101296187370474,True
17,0.07218607764282123,0.10976510586911935,True
18,0.0792874053109754,0.10692130930896278,True
18,0.0792874053109754,0.10660978013342809,True
18,0.0792874053109754,0.10453665878488262,True
18,0.0792874053109754,0.1052313721390422,True
18,0.0792874053109754,0.11177859227033013,True
18,0.0792874053109754,0.1167343524905239,True
18,0.0792874053109754,0.11648525218377402,True
18,0.0792874053109754,0.11783638419065488,True
18,0.0792874053109754,0.1193629774628309,True
18,0.0792874053109754,0.11753873660074514,True
18,0.0792874053109754,0.1178547786910543,True
19,0.08701018984278498,0.11371499289460964,True
19,0.08701018984278498,0.11370543439460785,True
19,0.08701018984278498,0.11786549258742213,True
19,0.08701018984278498,0.13477073597386416,True
19,0.08701018984278498,0.13440562810938908,True
19,0.08701018984278498,0.13485788548697458,True
19,0.08701018984278498,0.13449616712015675,True
19,0.08701018984278498,0.1172078155857155,True
19,0.08701018984278498,0.13687165828508868,True
20,0.09092024291818514,0.09578518757282738,True
20,0.09092024291818514,0.10347056784957515,True
20,0.09092024291818514,0.09585689604634341,True
20,0.09092024291818514,0.09956660059715136,True
20,0.09092024291818514,0.09734669188743075,True
20,0.09092024291818514,0.09643470389146785,True
20,0.09092024291818514,0.09245543228837429,True
20,0.09092024291818514,0.09538365350963043,True
20,0.09092024291818514,0.09096706010623455,True
20,0.09092024291818514,0.05123813208492845,False
20,0.09092024291818514,0.1475017989313306,True
20,0.09092024291818514,0.07237593007806778,False
20,0.09092024291818514,0.1493495037251948,True
20,0.09092024291818514,0.14487899446155358,True
20,0.09092024291818514,0.14638798590552723,True
20,0.09092024291818514,0.15082939233354284,True
20,0.09092024291818514,0.14802450617740995,True
20,0.09092024291818514,0.1339874869279068,True
20,0.09092024291818514,0.1556027065623361,True
20,0.09092024291818514,0.15258794583721536,True
20,0.09092024291818514,0.14273749800467667,True
20,0.09092024291818514,0.15179644961480082,True
20,0.09092024291818514,0.15183678998727973,True
20,0.09092024291818514,0.15201434354062243,True
20,0.09092024291818514,0.15194636443164602,True
20,0.09092024291818514,0.11935301625514068,True
20,0.09092024291818514,0.14760468955457917,True
20,0.09092024291818514,0.14743755286258492,True
20,0.09092024291818514,0.14686252036627195,True
20,0.09092024291818514,0.14775737404818584,True
20,0.09092024291818514,0.14836425941404927,True
20,0.09092024291818514,0.1573339081544845,True
20,0.09092024291818514,0.15325574352514376,True
20,0.09092024291818514,0.15324054048381638,True
20,0.09092024291818514,0.1532251306148888,True
20,0.09092024291818514,0.15759925254267196,True
20,0.09092024291818514,0.15568352174886302,True
20,0.09092024291818514,0.15603686672028708,True
20,0.09092024291818514,0.15589685843378737,True
20,0.09092024291818514,0.1429696884659396,True
20,0.09092024291818514,0.14757328414791732,True
20,0.09092024291818514,0.1384693339819058,True
20,0.09092024291818514,0.1412974751677469,True
20,0.09092024291818514,0.14261696272564167,True
20,0.09092024291818514,0.15182155869621977,True
20,0.09092024291818514,0.14078290626751266,True
20,0.09092024291818514,0.14713249746064397,True
20,0.09092024291818514,0.14646893261283755,True
20,0.09092024291818514,0.14686333561330375,True
20,0.09092024291818514,0.14688606238332289,True
20,0.09092024291818514,0.14688058141104718,True
20,0.09092024291818514,0.14779915749031633,True
20,0.09092024291818514,0.15173411369138384,True
20,0.09092024291818514,0.1488794673849285,True
20,0.09092024291818514,0.15429136108630287,True
20,0.09092024291818514,0.15746735039587517,True
20,0.09092024291818514,0.15293031759553205,True
20,0.09092024291818514,0.14440707095376093,True
20,0.09092024291818514,0.138586079911722,True
20,0.09092024291818514,0.14394936022425955,True
20,0.09092024291818514,0.1386039389463004,True
20,0.09092024291818514,0.13745964331031468,True
20,0.09092024291818514,0.1362652416398952,True
20,0.09092024291818514,0.140997339025938,True
20,0.09092024291818514,0.14201544654611256,True
20,0.09092024291818514,0.14958712133943508,True
20,0.09092024291818514,0.15287709820691162,True
20,0.09092024291818514,0.15304291694237904,True
20,0.09092024291818514,0.15251547088475179,True
20,0.09092024291818514,0.15034905136437532,True
20,0.09092024291818514,0.14921271695580365,True
20,0.09092024291818514,0.14823857690945597,True
20,0.09092024291818514,0.1489840041005635,True
20,0.09092024291818514,0.15185569227666826,True
20,0.09092024291818514,0.14408045458545246,True
20,0.09092024291818514,0.1518916859181553,True
20,0.09092024291818514,0.1518537902258184,True
20,0.09092024291818514,0.14733720014872193,True
20,0.09092024291818514,0.13864949968870566,True
20,0.09092024291818514,0.14864990769723965,True
20,0.09092024291818514,0.1499752856142969,True
20,0.09092024291818514,0.1442369411584049,True
20,0.09092024291818514,0.1440386225767873,True
20,0.09092024291818514,0.14442414466324865,True
20,0.09092024291818514,0.14417911270414446,True
20,0.09092024291818514,0.15207384668493948,True
20,0.09092024291818514,0.14788587153759308,True
20,0.09092024291818514,0.1500462111169355,True
20,0.09092024291818514,0.11130314868544787,True
20,0.09092024291818514,0.1341636232356279,True
20,0.09092024291818514,0.10752032604061032,True
20,0.09092024291818514,0.10669103632264264,True
20,0.09092024291818514,0.09890748153494394,True
20,0.09092024291818514,0.10919655297469569,True
20,0.09092024291818514,0.11044907465849711,True
20,0.09092024291818514,0.11246792364035368,True
20,0.09092024291818514,0.10917487633959737,True
20,0.09092024291818514,0.1123555140082896,True
20,0.09092024291818514,0.11269192096617646,True
20,0.09092024291818514,0.10782642184821108,True
20,0.09092024291818514,0.10659065786613273,True
20,0.09092024291818514,0.10657355236143654,True
20,0.09092024291818514,0.09288836334781642,True
20,0.09092024291818514,0.14688691092805745,True
20,0.09092024291818514,0.14674968454876697,True
20,0.09092024291818514,0.14805172786979234,True
20,0.09092024291818514,0.14872384443777845,True
20,0.09092024291818514,0.14841599431853697,True
20,0.09092024291818514,0.14840398158228701,True
20,0.09092024291818514,0.1566485105475294,True
20,0.09092024291818514,0.14835426876684596,True
20,0.09092024291818514,0.14364786113644062,True
20,0.09092024291818514,0.14052782894554064,True
20,0.09092024291818514,0.13936986592669867,True
20,0.09092024291818514,0.1390769408808566,True
20,0.09092024291818514,0.10152272218499998,True
20,0.09092024291818514,0.06324087014520065,False
20,0.09092024291818514,0.11453999244577305,True
20,0.09092024291818514,0.13856007354917146,True
20,0.09092024291818514,0.12365189212209418,True
20,0.09092024291818514,0.13296181407945304,True
20,0.09092024291818514,0.13803156607597986,True
20,0.09092024291818514,0.13876937675446005,True
20,0.09092024291818514,0.151302585653993,True
20,0.09092024291818514,0.1561487555030639,True
20,0.09092024291818514,0.15380664285454132,True
20,0.09092024291818514,0.1502250722411445,True
20,0.09092024291818514,0.13318407056251613,True
20,0.09092024291818514,0.12016531442194582,True
20,0.09092024291818514,0.13742733437216414,True
20,0.09092024291818514,0.135054847911111,True
20,0.09092024291818514,0.11683094677331568,True
20,0.09092024291818514,0.14261163727640305,True
20,0.09092024291818514,0.14667861692981432,True
20,0.09092024291818514,0.1517478433854597,True
20,0.09092024291818514,0.15128386726458448,True
20,0.09092024291818514,0.16120051206338276,True
20,0.09092024291818514,0.16040747616495715,True
20,0.09092024291818514,0.16662550450007066,True
20,0.09092024291818514,0.15987293821866302,True
20,0.09092024291818514,0.15649181376655116,True
20,0.09092024291818514,0.1565729753058367,True
20,0.09092024291818514,0.16441731151791497,True
20,0.09092024291818514,0.1650638978142309,True
20,0.09092024291818514,0.15472337520698345,True
20,0.09092024291818514,0.15700632715026092,True
20,0.09092024291818514,0.14950845374182753,True
20,0.09092024291818514,0.14712371012985542,True
20,0.09092024291818514,0.14657827831175682,True
20,0.09092024291818514,0.15516521046387124,True
20,0.09092024291818514,0.15636831552875197,True
20,0.09092024291818514,0.14905202404642692,True
20,0.09092024291818514,0.15071364977153914,True
20,0.09092024291818514,0.14963459763376294,True
20,0.09092024291818514,0.15463324788964547,True
20,0.09092024291818514,0.1544172849732597,True
20,0.09092024291818514,0.15440966052129218,True
20,0.09092024291818514,0.15454331989296316,True
20,0.09092024291818514,0.1568835701980676,True
20,0.09092024291818514,0.15381724354322623,True
20,0.09092024291818514,0.15384477217889264,True
20,0.09092024291818514,0.1539723883056146,True
20,0.09092024291818514,0.1564558404170304,True
20,0.09092024291818514,0.15582816595999943,True
20,0.09092024291818514,0.15444687175474828,True
20,0.09092024291818514,0.15441600288894144,True
20,0.09092024291818514,0.1484872931713399,True
20,0.09092024291818514,0.14405965871704704,True
20,0.09092024291818514,0.1460906851167672,True
20,0.09092024291818514,0.14480651917552015,True
20,0.09092024291818514,0.14669716621376858,True
20,0.09092024291818514,0.14794179840078076,True
20,0.09092024291818514,0.15513435452640786,True
20,0.09092024291818514,0.15603939656478405,True
20,0.09092024291818514,0.14550794648839044,True
20,0.09092024291818514,0.15083853813460563,True
20,0.09092024291818514,0.15287667208769087,True
20,0.09092024291818514,0.15572403904796506,True
